run,task,version,model,temperature,repeat,num_samples,llm_calls,best_score,best_sample_order,n_nodes,n_edges,breakthrough_count,breakthrough_rate_w10,first_breakthrough_window,last_breakthrough_window,n_windows,best_update_event_count,strict_fitness_event_count,tie_shorter_count,unclassified_best_update_count,lrr,mean_delta,mean_pcd,mean_code_change_ratio,avg_novelty,init_novelty,mean_h_spatial,mean_h_fitness,operator_mix,outcome_mix,trajectory_selection_count,population_management_count,mean_top5_mass,mean_effective_candidates
20260723_204526_cvrp_v4_rep1,cvrp_aco,version4,/home/fzy/models/Qwen3.6-27B-NVFP4,1.0,,1000,66,-8.73613017267702,966,924,897,24,0.18,1,97,100,24,0,0,24,0.1505016722408027,-0.3657792161943712,0.07035422788934509,,0.07134748132051681,0.31213276288631675,2.2069713474410673,2.2065606536006506,"{""trace_ideate"": 468, ""trace_refine"": 429}","{""regress"": 617, ""improve"": 135, ""plateau"": 145}",0,29,,
20260723_204526_cvrp_v4_rep2,cvrp_aco,version4,/home/fzy/models/Qwen3.6-27B-NVFP4,1.0,,1000,258,-8.648159476545228,973,955,930,24,0.2,1,98,100,24,0,0,24,0.12903225806451613,-0.48553284715966344,0.07396748004092346,,0.07449398799653084,0.31565395909255417,2.2413096972701663,2.2410793203301878,"{""trace_ideate"": 471, ""trace_refine"": 459}","{""improve"": 120, ""plateau"": 238, ""regress"": 572}",0,30,,
20260723_204526_cvrp_v4_rep3,cvrp_aco,version4,/home/fzy/models/Qwen3.6-27B-NVFP4,1.0,,1000,132,-8.610797366843634,912,949,920,19,0.17,1,57,100,19,0,0,19,0.12934782608695652,-0.6067131277459413,0.06947806596148376,,0.07044928372442988,0.33704922799777376,2.234829582130417,2.234227786192587,"{""trace_refine"": 464, ""trace_ideate"": 456}","{""regress"": 656, ""plateau"": 145, ""improve"": 119}",0,30,,
20260728_151736_cvrp_v5_rep1,cvrp_aco,version5,/home/fzy/models/Qwen3.6-27B-NVFP4,1.0,,1000,1487,-8.692212068318492,978,960,930,30,0.26,1,98,100,38,30,8,0,0.1774193548387097,-1.111462239061995,0.08550169268524062,,0.061348708179597616,0.3100569377387689,2.1854632558236786,2.184887400013952,"{""trace_ideate"": 207, ""trace_transfer"": 228, ""trace_refine"": 261, ""trace_synthesize"": 234}","{""regress"": 638, ""improve"": 165, ""plateau"": 127}",485,30,0.42121987022533763,19.24306592110324
20260728_151736_cvrp_v5_rep2,cvrp_aco,version5,/home/fzy/models/Qwen3.6-27B-NVFP4,1.0,,1000,1486,-8.811063488503025,915,982,952,21,0.15,1,61,100,38,21,17,0,0.14705882352941177,-0.7994979839168163,0.07096846622735735,,0.05375724062396932,0.3193389267049709,2.196457572228698,2.193150825398459,"{""trace_ideate"": 240, ""trace_synthesize"": 227, ""trace_refine"": 250, ""trace_transfer"": 235}","{""improve"": 140, ""regress"": 590, ""plateau"": 222}",484,31,0.4222174966245056,19.174500876411706
20260728_151736_cvrp_v5_rep3,cvrp_aco,version5,Qwen3.6-27B,1.0,,1000,1485,-8.648380692807965,993,977,947,24,0.19,1,69,100,33,24,9,0,0.16261879619852165,-0.4618249114167363,0.09145658115186903,,0.06794738430772895,0.274173247780593,2.22252249193652,2.2221413390577074,"{""trace_refine"": 222, ""trace_transfer"": 256, ""trace_ideate"": 249, ""trace_synthesize"": 220}","{""regress"": 645, ""improve"": 154, ""plateau"": 148}",484,31,0.4168142894617265,19.851666355455226
v6_20260801_183249_cvrp_v6_rep1,cvrp_aco,version6,/home/fzy/models/Qwen3.6-27B-NVFP4,1.0,1.0,1000,1492,-8.689669869689618,674,909,879,24,0.2,1,68,100,24,23,1,0,0.12627986348122866,-1.2297415603438682,0.1557070302499038,,0.11488336033424015,0.3067803817847361,2.1683059439144987,2.1661488708458254,"{""trace_ideate"": 363, ""trace_refine"": 383, ""trace_transfer"": 78, ""trace_synthesize"": 55}","{""regress"": 729, ""improve"": 111, ""plateau"": 39}",490,28,0.4043639158751694,20.39605915155197
v6_20260801_183249_cvrp_v6_rep2,cvrp_aco,version6,/home/fzy/models/Qwen3.6-27B-NVFP4,1.0,2.0,1000,1487,-8.759199614345254,515,933,903,21,0.18,1,52,100,23,21,2,0,0.10852713178294573,-1.1435045230358218,0.14777797521613753,,0.11280021322923711,0.3136035605459053,2.209583611878872,2.2086870107539394,"{""trace_ideate"": 336, ""trace_refine"": 428, ""trace_synthesize"": 73, ""trace_transfer"": 66}","{""regress"": 726, ""improve"": 98, ""plateau"": 79}",485,29,0.38593985357348,21.977705669321093
v6_20260801_183249_cvrp_v6_rep3,cvrp_aco,version6,Qwen3.6-27B,1.0,3.0,1000,1488,-8.569330969820511,966,966,936,26,0.21,1,97,100,28,26,2,0,0.14316239316239315,-0.5229346096664147,0.16128372288986895,,0.11284034914160973,0.2941282404761391,2.2362682589977925,2.2357920993154363,"{""trace_ideate"": 379, ""trace_refine"": 425, ""trace_synthesize"": 64, ""trace_transfer"": 68}","{""regress"": 780, ""improve"": 134, ""plateau"": 22}",486,30,0.3864775206288016,21.706418043601996
20260729_230434_obp_v4_rep1,online_bin_packing,version4,Qwen3.6-27B,1.0,,1000,1490,-724.0,787,981,952,9,0.08,11,79,100,9,0,0,9,0.06827731092436974,-83.08377100840336,0.09619958634952645,,0.0867735379388858,0.2681930400683037,2.265095098354783,2.264879932846205,"{""trace_refine"": 481, ""trace_ideate"": 471}","{""plateau"": 246, ""regress"": 641, ""improve"": 65}",0,31,,
20260729_230434_obp_v4_rep2,online_bin_packing,version4,Qwen3.6-27B,1.0,,1000,1488,-727.0,521,972,942,11,0.11,9,53,100,11,0,0,11,0.07643312101910828,-51.364384288747345,0.09025287663935389,,0.07067922372673333,0.2509377903111301,2.2458833497271162,2.2446002775060574,"{""trace_refine"": 505, ""trace_ideate"": 437}","{""plateau"": 269, ""improve"": 72, ""regress"": 601}",0,31,,
20260729_230434_obp_v4_rep3,online_bin_packing,version4,Qwen3.6-27B,1.0,,1000,1517,-724.0,930,894,865,16,0.15,6,93,100,16,0,0,16,0.10289017341040463,-15.872543352601156,0.06926008552083598,,0.06708606229296857,0.25113738580216455,2.1646124838161627,2.16358932929701,"{""trace_refine"": 430, ""trace_ideate"": 435}","{""improve"": 89, ""regress"": 574, ""plateau"": 202}",0,28,,
20260728_151736_obp_v5_rep1,online_bin_packing,version5,qwen3.6-27b-awq,1.0,,1000,1493,-743.5,588,997,967,2,0.02,48,59,100,11,2,9,0,0.02998965873836608,-110.66209927611169,0.05410865493253016,,0.03149463569462819,0.2396270977321829,1.828322900292654,1.8270514832262763,"{""trace_ideate"": 228, ""trace_transfer"": 254, ""trace_synthesize"": 245, ""trace_refine"": 240}","{""regress"": 268, ""plateau"": 670, ""improve"": 29}",487,32,0.3109020526289497,26.649550097853208
20260728_151736_obp_v5_rep2,online_bin_packing,version5,qwen3.6-27b-awq,1.0,,1000,1487,-725.75,887,990,960,16,0.13,3,69,100,23,16,7,0,0.153125,-70.67734375,0.07680683108197592,,0.042803820428051025,0.23146592125944082,2.1915195873815625,2.1888196872161214,"{""trace_ideate"": 238, ""trace_synthesize"": 223, ""trace_refine"": 259, ""trace_transfer"": 240}","{""improve"": 147, ""plateau"": 123, ""regress"": 690}",485,31,0.4071214947173496,20.321098149287113
20260728_151736_obp_v5_rep3,online_bin_packing,version5,qwen3.6-27b-awq,1.0,,1000,1492,-730.5,908,999,969,5,0.05,66,91,100,14,5,9,0,0.06604747162022703,-265.2156862745098,0.05148903433771392,,0.021895862211130747,0.2395194619782394,1.8042173893613995,1.8018519222203009,"{""trace_refine"": 233, ""trace_ideate"": 253, ""trace_transfer"": 266, ""trace_synthesize"": 217}","{""regress"": 323, ""plateau"": 582, ""improve"": 64}",488,32,0.3461955994487662,24.051686963280645
v6_20260801_183249_obp_v6_rep1,online_bin_packing,version6,/home/fzy/models/Qwen3.6-27B-NVFP4,1.0,1.0,1000,1486,-724.25,652,982,952,7,0.07,1,66,100,8,7,1,0,0.06827731092436974,-107.4375,0.15146743401517884,,0.08810089947219495,0.3065400122502174,2.2594911087458094,2.2592587055390654,"{""trace_ideate"": 419, ""trace_refine"": 423, ""trace_synthesize"": 56, ""trace_transfer"": 54}","{""plateau"": 137, ""regress"": 750, ""improve"": 65}",485,31,0.3670062180666008,23.574896354445368
v6_20260801_183249_obp_v6_rep2,online_bin_packing,version6,qwen3.6-27b-awq,1.0,2.0,1000,1502,-738.5,996,993,963,1,0.01,100,100,100,6,1,5,0,0.013499480789200415,-274.38317757009344,0.05397036418738467,,0.030223170437163775,0.2201591499459684,2.1881077793544224,2.1877352679484536,"{""trace_ideate"": 544, ""trace_refine"": 371, ""trace_synthesize"": 28, ""trace_transfer"": 20}","{""improve"": 13, ""plateau"": 759, ""regress"": 191}",489,31,0.33691281677086965,25.427292926574715
v6_20260801_183249_obp_v6_rep3,online_bin_packing,version6,Qwen3.6-27B,1.0,3.0,1000,1484,-726.0,814,990,960,15,0.14,1,78,100,23,15,8,0,0.1125,-206.33385416666667,0.1196465058273252,,0.06680902465411875,0.25836256176283956,2.2635944816557707,2.2629666874643934,"{""trace_ideate"": 447, ""trace_refine"": 374, ""trace_transfer"": 73, ""trace_synthesize"": 66}","{""plateau"": 226, ""regress"": 626, ""improve"": 108}",483,31,0.3888562729512834,21.348680439082628
20260723_204526_opaco_v4_rep1,op_aco,version4,/home/fzy/models/Qwen3.6-27B-NVFP4,1.0,,1000,1485,14.919999999999998,495,964,938,12,0.11,1,50,100,12,0,0,12,0.060767590618336885,-0.3618272921108741,0.09243004213551333,,0.08683314682767454,0.2193819063420037,2.253771492417227,2.2531352838837098,"{""trace_refine"": 462, ""trace_ideate"": 476}","{""regress"": 558, ""improve"": 57, ""plateau"": 323}",0,30,,
20260723_204526_opaco_v4_rep2,op_aco,version4,/home/fzy/models/Qwen3.6-27B-NVFP4,1.0,,1000,1488,14.920000000000002,882,919,895,21,0.19,1,89,100,21,0,0,21,0.13519553072625698,-0.3066703910614528,0.07930443530192868,,0.07274585985830254,0.22518496512266348,2.1988141495824287,2.1985613733736513,"{""trace_refine"": 470, ""trace_ideate"": 425}","{""regress"": 657, ""plateau"": 118, ""improve"": 120}",0,29,,
20260723_204526_opaco_v4_rep3,op_aco,version4,/home/fzy/models/Qwen3.6-27B-NVFP4,1.0,,1000,1488,14.806000000000001,662,935,909,17,0.14,1,67,100,17,0,0,17,0.1188118811881188,-0.34353575357535765,0.08033294884304203,,0.07343916099228481,0.20802014504160554,2.2190441332745325,2.218134440650603,"{""trace_refine"": 443, ""trace_ideate"": 466}","{""regress"": 610, ""improve"": 108, ""plateau"": 191}",0,29,,
20260728_151736_opaco_v5_rep1,op_aco,version5,/home/fzy/models/Qwen3.6-27B-NVFP4,1.0,,1000,1485,14.857999999999999,963,940,910,11,0.09,1,25,100,26,11,15,0,0.12307692307692308,-0.696276923076923,0.045355167357030525,,0.034959055301818184,0.2396944143627892,2.15038590123376,2.1477562570199633,"{""trace_ideate"": 222, ""trace_transfer"": 194, ""trace_refine"": 234, ""trace_synthesize"": 260}","{""regress"": 631, ""improve"": 112, ""plateau"": 167}",485,29,0.3896881439830533,21.47203121548442
20260728_151736_opaco_v5_rep2,op_aco,version5,/home/fzy/models/Qwen3.6-27B-NVFP4,1.0,,1000,1483,14.857999999999999,944,971,941,22,0.19,1,89,100,39,22,17,0,0.12964930924548354,-0.478695005313496,0.08753478623781222,,0.05956040640221477,0.2040454660833796,2.204022381033713,2.2029854836706595,"{""trace_ideate"": 238, ""trace_synthesize"": 225, ""trace_refine"": 245, ""trace_transfer"": 233}","{""regress"": 632, ""improve"": 122, ""plateau"": 187}",483,30,0.4237890859431864,19.250490329237635
20260728_151736_opaco_v5_rep3,op_aco,version5,Qwen3.6-27B,1.0,,1000,1485,14.971999999999998,978,960,930,21,0.18,1,90,100,42,21,21,0,0.2010752688172043,-0.3225655913978492,0.06982282990215401,,0.043823192445972325,0.19585609415613642,2.1621634485278163,2.160672221420275,"{""trace_refine"": 196, ""trace_transfer"": 260, ""trace_ideate"": 238, ""trace_synthesize"": 236}","{""regress"": 579, ""plateau"": 165, ""improve"": 186}",485,30,0.417483684986787,19.63670407696472
v6_20260801_183249_opaco_v6_rep1,op_aco,version6,/home/fzy/models/Qwen3.6-27B-NVFP4,1.0,1.0,1000,1492,14.819999999999999,939,947,917,15,0.11,1,94,100,17,15,2,0,0.11559432933478735,-1.1064601962922571,0.15197663802273886,,0.09997134343302352,0.19557241453188307,2.22698305384222,2.22548549485235,"{""trace_ideate"": 375, ""trace_refine"": 410, ""trace_synthesize"": 51, ""trace_transfer"": 81}","{""regress"": 746, ""improve"": 106, ""plateau"": 65}",492,30,0.3560057044498238,24.080748185539495
v6_20260801_183249_opaco_v6_rep2,op_aco,version6,qwen3.6-27b-awq,1.0,2.0,1000,1490,14.798000000000002,979,976,946,14,0.13,4,93,100,23,13,10,0,0.12050739957716702,-0.6060507399577162,0.15809360750860513,,0.10117050333680741,0.2038641072205509,2.237609578051171,2.236170121438385,"{""trace_ideate"": 372, ""trace_refine"": 436, ""trace_synthesize"": 60, ""trace_transfer"": 78}","{""improve"": 114, ""regress"": 789, ""plateau"": 43}",487,31,0.39324119952983777,21.7451644568278
v6_20260801_183249_opaco_v6_rep3,op_aco,version6,Qwen3.6-27B,1.0,3.0,1000,1496,14.455999999999998,960,976,946,12,0.1,1,48,100,16,12,4,0,0.08562367864693446,-1.2540317124735725,0.12291113449130803,,0.08616865486657957,0.19465551256477892,2.2403615911892016,2.238978007768079,"{""trace_ideate"": 435, ""trace_refine"": 371, ""trace_synthesize"": 74, ""trace_transfer"": 66}","{""regress"": 810, ""improve"": 81, ""plateau"": 55}",492,31,0.3748258205663575,22.67924760679495
20260723_181743_tspc_v4_rep1,tsp_construct,version4,Qwen3.6-27B,1.0,,1000,1499,-5.907947626173445,974,944,916,31,0.26,1,98,100,31,0,0,31,0.1462882096069869,-0.5453093137081544,0.09974765898919488,,0.09731110729866513,0.3163280693215219,2.2303686037326043,2.2300249193924375,"{""trace_refine"": 488, ""trace_ideate"": 428}","{""plateau"": 133, ""regress"": 649, ""improve"": 134}",0,29,,
20260723_181743_tspc_v4_rep2,tsp_construct,version4,Qwen3.6-27B,1.0,,1000,428,-5.996921651581635,996,947,917,18,0.15,1,100,100,18,0,0,18,0.12758996728462377,-0.3702784631377142,0.08310024314871209,,0.08394704621924932,0.3792717004929404,2.22803786637657,2.2275440145570538,"{""trace_refine"": 433, ""trace_ideate"": 484}","{""regress"": 676, ""improve"": 117, ""plateau"": 124}",0,30,,
20260723_181743_tspc_v4_rep3,tsp_construct,version4,Qwen3.6-27B,1.0,,1000,1497,-6.02444936682868,898,969,941,30,0.25,1,90,100,30,0,0,30,0.1487778958554729,-0.4755100871045793,0.13165861611573448,,0.12023414331688559,0.3207927112231369,2.2593869053872813,2.2591322626358252,"{""trace_ideate"": 448, ""trace_refine"": 493}","{""regress"": 725, ""improve"": 140, ""plateau"": 76}",0,30,,
20260728_151736_tspc_v5_rep1,tsp_construct,version5,/home/fzy/models/Qwen3.6-27B-NVFP4,1.0,,1000,1491,-6.023966709015177,986,966,936,26,0.19,1,97,100,34,26,8,0,0.17307692307692307,-0.7261311874511605,0.1355404289817799,,0.09554365874455088,0.3537047111968085,2.2123021171560886,2.211140608991905,"{""trace_ideate"": 228, ""trace_transfer"": 243, ""trace_synthesize"": 238, ""trace_refine"": 227}","{""regress"": 688, ""improve"": 162, ""plateau"": 86}",487,30,0.43055921329469465,18.5629110289154
20260728_151736_tspc_v5_rep2,tsp_construct,version5,/home/fzy/models/Qwen3.6-27B-NVFP4,1.0,,1000,1500,-6.0238494222580705,988,929,899,26,0.24,1,99,100,37,26,11,0,0.15350389321468297,-0.599484371883993,0.1665927663193298,,0.11514670900430447,0.33099313765241195,2.163791606103262,2.163572204923192,"{""trace_ideate"": 225, ""trace_synthesize"": 217, ""trace_refine"": 231, ""trace_transfer"": 226}","{""improve"": 138, ""regress"": 661, ""plateau"": 100}",490,29,0.4256324053804395,18.928671833911753
20260728_151736_tspc_v5_rep3,tsp_construct,version5,Qwen3.6-27B,1.0,,1000,1487,-6.1268440991590385,927,994,964,14,0.12,1,93,100,28,14,14,0,0.11721991701244813,-0.4162501522361,0.08572181121810926,,0.0646788823714276,0.33096603390842627,2.2471584919333463,2.246307936635366,"{""trace_refine"": 235, ""trace_transfer"": 285, ""trace_ideate"": 219, ""trace_synthesize"": 225}","{""regress"": 624, ""improve"": 113, ""plateau"": 227}",486,32,0.4158008255380905,19.577915777152757
v6_20260801_183249_tspc_v6_rep1,tsp_construct,version6,/home/fzy/models/Qwen3.6-27B-NVFP4,1.0,1.0,1000,1502,-6.023773799099958,887,916,886,19,0.18,1,89,100,23,19,4,0,0.09932279909706546,-1.5245018556207854,0.24684833304989473,,0.19349507184112924,0.361332635638566,2.1897727565005805,2.1888792057269155,"{""trace_refine"": 393, ""trace_ideate"": 384, ""trace_synthesize"": 55, ""trace_transfer"": 54}","{""improve"": 88, ""regress"": 722, ""plateau"": 76}",494,29,0.40974708279300304,19.79878004694023
v6_20260801_183249_tspc_v6_rep2,tsp_construct,version6,/home/fzy/models/Qwen3.6-27B-NVFP4,1.0,2.0,1000,1493,-5.8869273611407555,958,869,839,24,0.21,2,96,100,34,24,10,0,0.12753277711561384,-0.9134669302756494,0.16994401797819178,,0.14076903376424427,0.37885994711592025,2.11874132537051,2.117978177459076,"{""trace_ideate"": 327, ""trace_refine"": 358, ""trace_transfer"": 86, ""trace_synthesize"": 68}","{""regress"": 639, ""improve"": 107, ""plateau"": 93}",490,27,0.4338486599411231,18.415246116019727
v6_20260801_183249_tspc_v6_rep3,tsp_construct,version6,qwen3.6-27b-awq,1.0,3.0,1000,1498,-6.029421297405648,997,920,890,22,0.2,1,91,100,38,22,16,0,0.12921348314606743,-1.1705601234926781,0.1766020429210814,,0.13164546659238735,0.2955555765893518,2.1849898044275444,2.1839649482161527,"{""trace_ideate"": 311, ""trace_refine"": 432, ""trace_synthesize"": 69, ""trace_transfer"": 78}","{""regress"": 646, ""improve"": 115, ""plateau"": 129}",489,29,0.4320865925110226,18.65051542404483
