run,task,method,model,num_samples,llm_calls,best_score,best_sample_order,breakthrough_count,breakthrough_rate_w10,first_breakthrough_window,last_breakthrough_window,n_windows,best_update_event_count,strict_fitness_event_count,tie_shorter_count,unclassified_best_update_count,lrr,mean_delta,mean_pcd,n_edges,avg_novelty,init_novelty,mean_h_spatial,mean_h_fitness,operator_mix
20260723_204526_cvrp_v4_rep1,cvrp_aco,version4,/home/fzy/models/Qwen3.6-27B-NVFP4,1000,66,-8.73613017267702,966,24,0.18,1.0,97.0,100,24,0,0,24,0.1505016722408027,-0.3657792161943712,0.07035422788934509,897,0.07134748132051681,0.29208706362893155,2.2069713474410673,2.2065606536006506,"{""init"": 27, ""trace_ideate"": 468, ""trace_refine"": 429}"
20260723_204526_cvrp_v4_rep2,cvrp_aco,version4,/home/fzy/models/Qwen3.6-27B-NVFP4,1000,258,-8.648159476545228,973,24,0.2,1.0,98.0,100,24,0,0,24,0.12903225806451613,-0.48553284715966344,0.07396748004092346,930,0.07449398799653084,0.29615878207378393,2.2413096972701663,2.2410793203301878,"{""init"": 25, ""trace_ideate"": 471, ""trace_refine"": 459}"
20260723_204526_cvrp_v4_rep3,cvrp_aco,version4,/home/fzy/models/Qwen3.6-27B-NVFP4,1000,132,-8.610797366843634,912,19,0.17,1.0,57.0,100,19,0,0,19,0.12934782608695652,-0.6067131277459413,0.06947806596148376,920,0.07044928372442988,0.3293698092867333,2.234829582130417,2.234227786192587,"{""init"": 29, ""trace_refine"": 464, ""trace_ideate"": 456}"
20260728_151736_cvrp_v5_rep1,cvrp_aco,version5,/home/fzy/models/Qwen3.6-27B-NVFP4,1000,1487,-8.692212068318492,978,30,0.26,1.0,98.0,100,38,30,8,0,0.1774193548387097,-1.111462239061995,0.08550169268524062,930,0.061348708179597616,0.3100569377387689,2.2340914336571847,2.233462454979824,"{""init"": 30, ""trace_ideate"": 207, ""trace_transfer"": 228, ""trace_refine"": 261, ""trace_synthesize"": 234}"
20260728_151736_cvrp_v5_rep2,cvrp_aco,version5,/home/fzy/models/Qwen3.6-27B-NVFP4,1000,1486,-8.811063488503025,915,21,0.15,1.0,61.0,100,38,21,17,0,0.14705882352941177,-0.7994979839168163,0.07096846622735735,952,0.05375724062396932,0.3193389267049709,2.24961838179507,2.246403732218131,"{""init"": 30, ""trace_ideate"": 240, ""trace_synthesize"": 227, ""trace_refine"": 250, ""trace_transfer"": 235}"
20260728_151736_cvrp_v5_rep3,cvrp_aco,version5,Qwen3.6-27B,1000,1485,-8.648380692807965,993,24,0.19,1.0,69.0,100,33,24,9,0,0.16261879619852165,-0.4618249114167363,0.09145658115186903,947,0.06794738430772895,0.274173247780593,2.2593584997429885,2.2589760842869855,"{""init"": 30, ""trace_refine"": 222, ""trace_transfer"": 256, ""trace_ideate"": 249, ""trace_synthesize"": 220}"
v6_20260801_183249_cvrp_v6_rep1,cvrp_aco,version6,/home/fzy/models/Qwen3.6-27B-NVFP4,1000,1492,-8.689669869689618,674,24,0.2,1.0,68.0,100,24,23,1,0,0.12627986348122866,-1.2297415603438682,0.1557070302499038,879,0.11488336033424014,0.3067803817847361,2.187937312997806,2.1857741440077434,"{""init"": 30, ""trace_ideate"": 363, ""trace_refine"": 383, ""trace_transfer"": 78, ""trace_synthesize"": 55}"
v6_20260801_183249_cvrp_v6_rep2,cvrp_aco,version6,/home/fzy/models/Qwen3.6-27B-NVFP4,1000,1487,-8.759199614345254,515,21,0.18,1.0,52.0,100,23,21,2,0,0.10852713178294573,-1.1435045230358218,0.14777797521613753,903,0.11280021322923711,0.3136035605459053,2.2197236580972426,2.2188218789933423,"{""init"": 30, ""trace_ideate"": 336, ""trace_refine"": 428, ""trace_synthesize"": 73, ""trace_transfer"": 66}"
v6_20260801_183249_cvrp_v6_rep3,cvrp_aco,version6,Qwen3.6-27B,1000,1488,-8.569330969820511,966,26,0.21,1.0,97.0,100,28,26,2,0,0.14316239316239315,-0.5229346096664147,0.16128372288986895,936,0.11284034914160972,0.2941282404761391,2.2544897877513237,2.2540063747094066,"{""init"": 30, ""trace_ideate"": 379, ""trace_refine"": 425, ""trace_synthesize"": 64, ""trace_transfer"": 68}"
20260729_230434_obp_v4_rep1,online_bin_packing,version4,Qwen3.6-27B,1000,1490,-724.0,787,9,0.08,11.0,79.0,100,9,0,0,9,0.06827731092436974,-83.08377100840336,0.09619958634952645,952,0.0867735379388858,0.2634199387326894,2.265095098354783,2.264879932846205,"{""init"": 29, ""trace_refine"": 481, ""trace_ideate"": 471}"
20260729_230434_obp_v4_rep2,online_bin_packing,version4,Qwen3.6-27B,1000,1488,-727.0,521,11,0.11,9.0,53.0,100,11,0,0,11,0.07643312101910828,-51.364384288747345,0.09025287663935389,942,0.07067922372673333,0.2509377903111301,2.2458833497271162,2.2446002775060574,"{""init"": 30, ""trace_refine"": 505, ""trace_ideate"": 437}"
20260729_230434_obp_v4_rep3,online_bin_packing,version4,Qwen3.6-27B,1000,1517,-724.0,930,16,0.15,6.0,93.0,100,16,0,0,16,0.10289017341040463,-15.872543352601156,0.06926008552083598,865,0.06708606229296857,0.24569011621694328,2.1646124838161627,2.16358932929701,"{""init"": 29, ""trace_refine"": 430, ""trace_ideate"": 435}"
20260728_151736_obp_v5_rep1,online_bin_packing,version5,qwen3.6-27b-awq,1000,1493,-743.5,588,2,0.02,48.0,59.0,100,11,2,9,0,0.02998965873836608,-110.66209927611169,0.05410865493253016,967,0.03149463569462819,0.2396270977321829,2.257385466929387,2.2566671480586513,"{""init"": 30, ""trace_ideate"": 228, ""trace_transfer"": 254, ""trace_synthesize"": 245, ""trace_refine"": 240}"
20260728_151736_obp_v5_rep2,online_bin_packing,version5,qwen3.6-27b-awq,1000,1487,-725.75,887,16,0.13,3.0,69.0,100,23,16,7,0,0.153125,-70.67734375,0.07680683108197592,960,0.042803820428051025,0.23146592125944082,2.2597518632435465,2.257155529429437,"{""init"": 30, ""trace_ideate"": 238, ""trace_synthesize"": 223, ""trace_refine"": 259, ""trace_transfer"": 240}"
20260728_151736_obp_v5_rep3,online_bin_packing,version5,qwen3.6-27b-awq,1000,1492,-730.5,908,5,0.05,66.0,91.0,100,14,5,9,0,0.06604747162022703,-265.2156862745098,0.05148903433771392,969,0.021895862211130747,0.2395194619782394,2.2708212225107727,2.2692680663654174,"{""init"": 30, ""trace_refine"": 233, ""trace_ideate"": 253, ""trace_transfer"": 266, ""trace_synthesize"": 217}"
v6_20260801_183249_obp_v6_rep1,online_bin_packing,version6,/home/fzy/models/Qwen3.6-27B-NVFP4,1000,1486,-724.25,652,7,0.07,1.0,66.0,100,8,7,1,0,0.06827731092436974,-107.4375,0.15146743401517884,952,0.08810089947219495,0.3065400122502174,2.2692380144005,2.268981692659081,"{""init"": 30, ""trace_ideate"": 419, ""trace_refine"": 423, ""trace_synthesize"": 56, ""trace_transfer"": 54}"
v6_20260801_183249_obp_v6_rep2,online_bin_packing,version6,qwen3.6-27b-awq,1000,1502,-738.5,996,1,0.01,100.0,100.0,100,6,1,5,0,0.013499480789200415,-274.38317757009344,0.05397036418738467,963,0.030223170437163775,0.2201591499459684,2.2548204951532087,2.254443427423118,"{""init"": 30, ""trace_ideate"": 544, ""trace_refine"": 371, ""trace_synthesize"": 28, ""trace_transfer"": 20}"
v6_20260801_183249_obp_v6_rep3,online_bin_packing,version6,Qwen3.6-27B,1000,1484,-726.0,814,15,0.14,1.0,78.0,100,23,15,8,0,0.1125,-206.33385416666667,0.1196465058273252,960,0.06680902465411875,0.25836256176283956,2.2794378740628045,2.2788065799149577,"{""init"": 30, ""trace_ideate"": 447, ""trace_refine"": 374, ""trace_transfer"": 73, ""trace_synthesize"": 66}"
20260723_204526_opaco_v4_rep1,op_aco,version4,/home/fzy/models/Qwen3.6-27B-NVFP4,1000,1485,14.919999999999998,495,12,0.11,1.0,50.0,100,12,0,0,12,0.060767590618336885,-0.3618272921108741,0.09243004213551333,938,0.08683314682767454,0.19985554552231397,2.253771492417227,2.2531352838837098,"{""init"": 26, ""trace_refine"": 462, ""trace_ideate"": 476}"
20260723_204526_opaco_v4_rep2,op_aco,version4,/home/fzy/models/Qwen3.6-27B-NVFP4,1000,1488,14.920000000000002,882,21,0.19,1.0,89.0,100,21,0,0,21,0.13519553072625698,-0.3066703910614528,0.07930443530192868,895,0.07274585985830254,0.20500174917085728,2.1988141495824287,2.1985613733736513,"{""init"": 24, ""trace_refine"": 470, ""trace_ideate"": 425}"
20260723_204526_opaco_v4_rep3,op_aco,version4,/home/fzy/models/Qwen3.6-27B-NVFP4,1000,1488,14.806000000000001,662,17,0.14,1.0,67.0,100,17,0,0,17,0.1188118811881188,-0.34353575357535765,0.08033294884304203,909,0.07343916099228481,0.19248949976495786,2.2190441332745325,2.218134440650603,"{""init"": 26, ""trace_refine"": 443, ""trace_ideate"": 466}"
20260728_151736_opaco_v5_rep1,op_aco,version5,/home/fzy/models/Qwen3.6-27B-NVFP4,1000,1485,14.857999999999999,963,11,0.09,1.0,25.0,100,26,11,15,0,0.12307692307692308,-0.696276923076923,0.045355167357030525,910,0.034959055301818184,0.2396944143627892,2.208684514451082,2.206010788982232,"{""init"": 30, ""trace_ideate"": 222, ""trace_transfer"": 194, ""trace_refine"": 234, ""trace_synthesize"": 260}"
20260728_151736_opaco_v5_rep2,op_aco,version5,/home/fzy/models/Qwen3.6-27B-NVFP4,1000,1483,14.857999999999999,944,22,0.19,1.0,89.0,100,39,22,17,0,0.12964930924548354,-0.478695005313496,0.08753478623781222,941,0.05956040640221477,0.2040454660833796,2.2469320627157034,2.245815122928154,"{""init"": 30, ""trace_ideate"": 238, ""trace_synthesize"": 225, ""trace_refine"": 245, ""trace_transfer"": 233}"
20260728_151736_opaco_v5_rep3,op_aco,version5,Qwen3.6-27B,1000,1485,14.971999999999998,978,21,0.18,1.0,90.0,100,42,21,21,0,0.2010752688172043,-0.3225655913978492,0.06982282990215401,930,0.043823192445972325,0.19585609415613642,2.229089773095034,2.2275476286880687,"{""init"": 30, ""trace_refine"": 196, ""trace_transfer"": 260, ""trace_ideate"": 238, ""trace_synthesize"": 236}"
v6_20260801_183249_opaco_v6_rep1,op_aco,version6,/home/fzy/models/Qwen3.6-27B-NVFP4,1000,1492,14.819999999999999,939,15,0.11,1.0,94.0,100,17,15,2,0,0.11559432933478735,-1.1064601962922571,0.15197663802273886,917,0.09997134343302352,0.19557241453188307,2.23354828962407,2.232044643283662,"{""init"": 30, ""trace_ideate"": 375, ""trace_refine"": 410, ""trace_synthesize"": 51, ""trace_transfer"": 81}"
v6_20260801_183249_opaco_v6_rep2,op_aco,version6,qwen3.6-27b-awq,1000,1490,14.798000000000002,979,14,0.13,4.0,93.0,100,23,13,10,0,0.12050739957716702,-0.6060507399577162,0.15809360750860513,946,0.10117050333680742,0.2038641072205509,2.2607220174420206,2.2592159599405135,"{""init"": 30, ""trace_ideate"": 372, ""trace_refine"": 436, ""trace_synthesize"": 60, ""trace_transfer"": 78}"
v6_20260801_183249_opaco_v6_rep3,op_aco,version6,Qwen3.6-27B,1000,1496,14.455999999999998,960,12,0.1,1.0,48.0,100,16,12,4,0,0.08562367864693446,-1.2540317124735725,0.12291113449130803,946,0.08616865486657957,0.19465551256477892,2.2621372187286353,2.2606793421230797,"{""init"": 30, ""trace_ideate"": 435, ""trace_refine"": 371, ""trace_synthesize"": 74, ""trace_transfer"": 66}"
20260723_181743_tspc_v4_rep1,tsp_construct,version4,Qwen3.6-27B,1000,1499,-5.907947626173445,974,31,0.26,1.0,98.0,100,31,0,0,31,0.1462882096069869,-0.5453093137081544,0.09974765898919488,916,0.09731110729866513,0.30180049364121414,2.2303686037326043,2.2300249193924375,"{""init"": 28, ""trace_refine"": 488, ""trace_ideate"": 428}"
20260723_181743_tspc_v4_rep2,tsp_construct,version4,Qwen3.6-27B,1000,428,-5.996921651581635,996,18,0.15,1.0,100.0,100,18,0,0,18,0.12758996728462377,-0.3702784631377142,0.08310024314871209,917,0.08394704621924932,0.3792717004929404,2.22803786637657,2.2275440145570538,"{""init"": 30, ""trace_refine"": 433, ""trace_ideate"": 484}"
20260723_181743_tspc_v4_rep3,tsp_construct,version4,Qwen3.6-27B,1000,1497,-6.02444936682868,898,30,0.25,1.0,90.0,100,30,0,0,30,0.1487778958554729,-0.4755100871045793,0.13165861611573448,941,0.12023414331688559,0.31593658511971995,2.2593869053872813,2.2591322626358252,"{""init"": 28, ""trace_ideate"": 448, ""trace_refine"": 493}"
20260728_151736_tspc_v5_rep1,tsp_construct,version5,/home/fzy/models/Qwen3.6-27B-NVFP4,1000,1491,-6.023966709015177,986,26,0.19,1.0,97.0,100,34,26,8,0,0.17307692307692307,-0.7261311874511605,0.1355404289817799,936,0.09554365874455088,0.3537047111968085,2.235727103511872,2.2345248407247347,"{""init"": 30, ""trace_ideate"": 228, ""trace_transfer"": 243, ""trace_synthesize"": 238, ""trace_refine"": 227}"
20260728_151736_tspc_v5_rep2,tsp_construct,version5,/home/fzy/models/Qwen3.6-27B-NVFP4,1000,1500,-6.0238494222580705,988,26,0.24,1.0,99.0,100,37,26,11,0,0.15350389321468297,-0.599484371883993,0.1665927663193298,899,0.11514670900430447,0.33099313765241195,2.2029760214480807,2.2027466308734605,"{""init"": 30, ""trace_ideate"": 225, ""trace_synthesize"": 217, ""trace_refine"": 231, ""trace_transfer"": 226}"
20260728_151736_tspc_v5_rep3,tsp_construct,version5,Qwen3.6-27B,1000,1487,-6.1268440991590385,927,14,0.12,1.0,93.0,100,28,14,14,0,0.11721991701244813,-0.4162501522361,0.08572181121810926,964,0.06467888237142759,0.33096603390842627,2.2650562395495037,2.26421192979881,"{""init"": 30, ""trace_refine"": 235, ""trace_transfer"": 285, ""trace_ideate"": 219, ""trace_synthesize"": 225}"
v6_20260801_183249_tspc_v6_rep1,tsp_construct,version6,/home/fzy/models/Qwen3.6-27B-NVFP4,1000,1502,-6.023773799099958,887,19,0.18,1.0,89.0,100,23,19,4,0,0.09932279909706546,-1.5245018556207854,0.24684833304989473,886,0.19349507184112918,0.361332635638566,2.199387496188781,2.198488588607294,"{""init"": 30, ""trace_refine"": 393, ""trace_ideate"": 384, ""trace_synthesize"": 55, ""trace_transfer"": 54}"
v6_20260801_183249_tspc_v6_rep2,tsp_construct,version6,/home/fzy/models/Qwen3.6-27B-NVFP4,1000,1493,-5.8869273611407555,958,24,0.21,2.0,96.0,100,34,24,10,0,0.12753277711561384,-0.9134669302756494,0.16994401797819178,839,0.1407690337642443,0.37885994711592025,2.1301650744273637,2.129400456617256,"{""init"": 30, ""trace_ideate"": 327, ""trace_refine"": 358, ""trace_transfer"": 86, ""trace_synthesize"": 68}"
v6_20260801_183249_tspc_v6_rep3,tsp_construct,version6,qwen3.6-27b-awq,1000,1498,-6.029421297405648,997,22,0.2,1.0,91.0,100,38,22,16,0,0.12921348314606743,-1.1705601234926781,0.1766020429210814,890,0.13164546659238735,0.2955555765893518,2.1981347692546165,2.1970908096655406,"{""init"": 30, ""trace_ideate"": 311, ""trace_refine"": 432, ""trace_synthesize"": 69, ""trace_transfer"": 78}"
20260711_115024,cvrp_aco,mcts_ahd,qwen3.6-27b-awq,1000,2099,-8.748027892553349,791,18,0.15,1.0,80.0,100,0,0,0,0,0.24245689655172414,-1.3502687166366936,0.1598803604920539,928,0.10255812828314781,0.19091915680590799,2.2457769821017464,2.2445883547438257,"{""i1"": 1, ""e1"": 31, ""e2"": 189, ""m1"": 298, ""m2"": 296, ""s1"": 145}"
20260712_021911,cvrp_aco,mcts_ahd,qwen3.6-27b-awq,1000,2112,-8.739437070051995,875,39,0.31,1.0,88.0,100,0,0,0,0,0.251959686450168,-1.4196491141715681,0.19089200184053556,893,0.13866381442773906,0.18672211697951135,2.208071744637883,2.2071720677421838,"{""i1"": 1, ""e1"": 31, ""e2"": 186, ""m1"": 283, ""m2"": 286, ""s1"": 137}"
20260712_021957,cvrp_aco,mcts_ahd,qwen3.6-27b-awq,1000,2099,-8.505311193291963,910,21,0.15,1.0,91.0,100,0,0,0,0,0.29791894852135814,-0.6531957810853973,0.19244273699850134,913,0.1323758480606686,0.17150743751694048,2.2307456194075264,2.2304184517765915,"{""i1"": 1, ""e1"": 29, ""e2"": 182, ""m1"": 297, ""m2"": 297, ""s1"": 136}"
20260726_111852_obp_mctsahd_rep1,online_bin_packing,mcts_ahd,Qwen3.6-27B,1000,2026,-727.0,580,4,0.04,3.0,58.0,100,0,0,0,0,0.28008519701810436,-126.6762513312034,0.21987171571806588,939,0.1323541790621178,0.14219764037104238,2.2799596887107016,2.2799670354676014,"{""i1"": 1, ""e1"": 47, ""e2"": 180, ""m1"": 313, ""m2"": 312, ""s1"": 134}"
20260726_111852_obp_mctsahd_rep2,online_bin_packing,mcts_ahd,Qwen3.6-27B,1000,2011,-726.75,971,7,0.06,6.0,98.0,100,0,0,0,0,0.3184238551650692,-106.09478168264111,0.2680144907804808,939,0.1692966616188391,0.12774931528078945,2.280929614422546,2.28093768669292,"{""i1"": 1, ""e1"": 46, ""e2"": 176, ""m1"": 316, ""m2"": 315, ""s1"": 132}"
20260726_111852_obp_mctsahd_rep3,online_bin_packing,mcts_ahd,Qwen3.6-27B,1000,2019,-725.5,797,8,0.08,11.0,80.0,100,0,0,0,0,0.2152046783625731,-112.0093567251462,0.1941574296615898,855,0.11667051381691876,0.08207284477139502,2.283612390488373,2.2827365127097723,"{""i1"": 1, ""e1"": 138, ""e2"": 166, ""m1"": 283, ""m2"": 282, ""s1"": 123}"
20260725_104402_opaco_mctsahd_rep1,op_aco,mcts_ahd,Qwen3.6-27B,1000,2043,14.851999999999999,911,9,0.09,1.0,92.0,100,0,0,0,0,0.20230607966457023,-1.0025576519916142,0.10708350250282016,954,0.07079993262192873,0.11372932715348637,2.2780001764798734,2.2764238105852415,"{""i1"": 1, ""e1"": 32, ""e2"": 197, ""m1"": 308, ""m2"": 306, ""s1"": 143}"
20260725_104402_opaco_mctsahd_rep2,op_aco,mcts_ahd,Qwen3.6-27B,1000,2054,14.907999999999998,452,10,0.08,1.0,46.0,100,0,0,0,0,0.19915700737618547,-0.7994035827186509,0.1765648548550931,949,0.1209416966807177,0.1272032917061367,2.27434622874217,2.27343133644368,"{""i1"": 1, ""e1"": 30, ""e2"": 202, ""m1"": 302, ""m2"": 302, ""s1"": 143}"
20260725_104402_opaco_mctsahd_rep3,op_aco,mcts_ahd,Qwen3.6-27B,1000,2050,14.776000000000002,454,12,0.11,1.0,46.0,100,0,0,0,0,0.1930960086299892,-1.1789492988133765,0.10383690401357717,927,0.06841308650441079,0.1350982644342328,2.2450998966173286,2.2420835570914046,"{""i1"": 1, ""e1"": 34, ""e2"": 185, ""m1"": 302, ""m2"": 301, ""s1"": 139}"
20260709_213505,tsp_construct,mcts_ahd,qwen3.6-27b-awq,1000,2069,-6.245046936508112,960,10,0.08,1.0,96.0,100,0,0,0,0,0.238403451995685,-1.5649664096933182,0.2553995651890197,927,0.21118364182004273,0.14122611671340385,2.251113821914863,2.250772583678875,"{""i1"": 1, ""e1"": 30, ""e2"": 195, ""m1"": 301, ""m2"": 300, ""s1"": 131}"
20260709_213507,tsp_construct,mcts_ahd,qwen3.6-27b-awq,1000,2060,-6.291167317523522,816,8,0.07,1.0,82.0,100,0,0,0,0,0.25556733828207845,-1.2196155429618571,0.19889084638055576,943,0.16128802241488183,0.18567106530557995,2.2641893139514155,2.2637833088540114,"{""i1"": 1, ""e1"": 30, ""e2"": 190, ""m1"": 310, ""m2"": 309, ""s1"": 134}"
20260709_213510,tsp_construct,mcts_ahd,qwen3.6-27b-awq,1000,2068,-6.091060868244764,736,14,0.13,1.0,74.0,100,0,0,0,0,0.2978959025470653,-1.336438172917472,0.25363534162478907,903,0.1986172490320345,0.14870142746564716,2.223200213896179,2.222959899479507,"{""i1"": 1, ""e1"": 29, ""e2"": 177, ""m1"": 299, ""m2"": 300, ""s1"": 127}"
eoh_paper_20260729_2350_cvrp_eoh_rep1,cvrp_aco,eoh,/home/fzy/models/Qwen3.6-27B-NVFP4,1019,1097,-8.89077399898918,954,14,0.10784313725490197,1.0,96.0,102,0,0,0,0,,,,0,0.10276477710229422,0.24258998907500123,2.294136185760129,2.294001771367561,"{""i1"": 19, ""m2"": 517, ""e2"": 528, ""m1"": 529, ""e1"": 503}"
eoh_paper_20260729_2350_cvrp_eoh_rep2,cvrp_aco,eoh,qwen3.6-27b-awq,1019,1060,-8.817398099681586,515,16,0.12745098039215685,1.0,52.0,102,0,0,0,0,,,,0,0.10611316296210098,0.24141381063264414,2.2912170046937788,2.2903546674153765,"{""i1"": 19, ""e1"": 467, ""m2"": 534, ""e2"": 504, ""m1"": 535}"
eoh_paper_20260729_2350_cvrp_eoh_rep3,cvrp_aco,eoh,/home/fzy/models/Qwen3.6-27B-NVFP4,1018,1071,-8.85231050237547,1010,12,0.10784313725490197,1.0,101.0,102,0,0,0,0,,,,0,0.14296180000045597,0.22608267889631226,2.296994828717537,2.296592898938096,"{""i1"": 18, ""m2"": 520, ""e1"": 508, ""m1"": 520, ""e2"": 503}"
eoh_paper_20260729_2350_obp_eoh_rep1_retry,online_bin_packing,eoh,Qwen3.6-27B,2040,2059,-727.5,1943,4,0.0196078431372549,5.0,195.0,204,0,0,0,0,,,,0,0.09619161560702781,0.11392133588989935,2.294641019611221,2.294363241998344,"{""i1"": 40, ""m2"": 1035, ""e2"": 1016, ""m1"": 989, ""e1"": 979}"
eoh_paper_20260729_2350_obp_eoh_rep2,online_bin_packing,eoh,qwen3.6-27b-awq,2039,2049,-744.5,1,0,0.0,,,204,0,0,0,0,,,,0,0.023993223802919926,0.1225008883061624,2.2873498373856855,2.287778967530596,"{""i1"": 39, ""e1"": 965, ""m2"": 999, ""e2"": 991, ""m1"": 1054}"
eoh_paper_20260729_2350_obp_eoh_rep3,online_bin_packing,eoh,/home/fzy/models/Qwen3.6-27B-NVFP4,2040,2044,-726.25,1845,19,0.08823529411764706,9.0,185.0,204,0,0,0,0,,,,0,0.09730091813804351,0.13704982474403246,2.2963325234408978,2.2962592996518985,"{""i1"": 40, ""m2"": 994, ""e1"": 979, ""m1"": 1036, ""e2"": 995}"
eoh_paper_20260729_2350_op_eoh_rep1,op_aco,eoh,qwen3.6-27b-awq,1019,1038,14.597999999999999,182,8,0.06862745098039216,1.0,19.0,102,0,0,0,0,,,,0,0.04654004530646763,0.1409481833443854,2.292523953891766,2.292207366897494,"{""i1"": 19, ""m2"": 490, ""e2"": 518, ""m1"": 510, ""e1"": 500}"
eoh_paper_20260729_2350_op_eoh_rep2,op_aco,eoh,/home/fzy/models/Qwen3.6-27B-NVFP4,1016,1040,14.728000000000003,879,13,0.10784313725490197,1.0,88.0,102,0,0,0,0,,,,0,0.05981517862155188,0.16928429975866865,2.289319046639727,2.2885838986696734,"{""i1"": 16, ""m2"": 528, ""e2"": 498, ""m1"": 536, ""e1"": 458}"
eoh_paper_20260729_2350_op_eoh_rep3,op_aco,eoh,qwen3.6-27b-awq,1019,1029,14.889999999999997,368,13,0.08823529411764706,1.0,37.0,102,0,0,0,0,,,,0,0.03591502840662063,0.15464675914433856,2.2895697895436578,2.2880582623047405,"{""i1"": 19, ""m2"": 503, ""e1"": 497, ""m1"": 514, ""e2"": 495}"
eoh_paper_20260729_2350_tsp_eoh_rep1,tsp_construct,eoh,/home/fzy/models/Qwen3.6-27B-NVFP4,1019,1048,-6.245585385406679,829,6,0.058823529411764705,1.0,83.0,102,0,0,0,0,,,,0,0.165323220429005,0.3015368691693189,2.2969114398014057,2.296732999067152,"{""i1"": 19, ""m2"": 489, ""e2"": 521, ""m1"": 517, ""e1"": 501}"
eoh_paper_20260729_2350_tsp_eoh_rep2,tsp_construct,eoh,/home/fzy/models/Qwen3.6-27B-NVFP4,1018,1073,-6.035223124101573,917,22,0.17647058823529413,1.0,92.0,102,0,0,0,0,,,,0,0.14819089894122653,0.2998446468646563,2.2885919479213532,2.2877143808193052,"{""i1"": 18, ""e1"": 476, ""m2"": 532, ""e2"": 500, ""m1"": 545}"
eoh_paper_20260729_2350_tsp_eoh_rep3,tsp_construct,eoh,qwen3.6-27b-awq,1020,1042,-6.269162598891374,669,6,0.049019607843137254,1.0,67.0,102,0,0,0,0,,,,0,0.12776559031424814,0.24194859909652047,2.2959717299854026,2.29577583911407,"{""i1"": 20, ""m2"": 505, ""e1"": 503, ""m1"": 523, ""e2"": 491}"
fair1000_20260730_1755_cvrp_reevo_rep1,cvrp_aco,reevo,/home/fzy/models/Qwen3.6-27B-NVFP4,998,1713,-8.744202236928938,662,20,0.16,1.0,67.0,100,0,0,0,0,,,,0,0.019013676340101142,0.2952549441373727,2.254451915026507,2.25223420320846,"{""init"": 28, ""crossover"": 649, ""mutation"": 320}"
fair1000_20260730_1755_cvrp_reevo_rep2,cvrp_aco,reevo,/home/fzy/models/Qwen3.6-27B-NVFP4,999,1713,-9.377394514252405,936,15,0.13,1.0,94.0,100,0,0,0,0,,,,0,0.02323180920045006,0.24930241357701244,2.2667040771498774,2.2654604917328434,"{""init"": 29, ""crossover"": 649, ""mutation"": 320}"
fair1000_20260730_1755_cvrp_reevo_rep3,cvrp_aco,reevo,/home/fzy/models/Qwen3.6-27B-NVFP4,995,1713,-9.486610787597181,571,7,0.07,1.0,58.0,100,0,0,0,0,,,,0,0.026858276322511556,0.24682060216206198,2.2514702741397112,2.2510268765038286,"{""init"": 26, ""crossover"": 649, ""mutation"": 319}"
fair1000_20260730_1755_obp_reevo_rep1_retry7,online_bin_packing,reevo,/home/fzy/models/Qwen3.6-27B-NVFP4,997,1713,-744.5,1,0,0.0,,,100,0,0,0,0,,,,0,0.06690652777526553,0.15762126099037463,2.2891629994427287,2.289039018835868,"{""init"": 28, ""crossover"": 648, ""mutation"": 320}"
fair1000_20260730_1755_obp_reevo_rep2_retry7,online_bin_packing,reevo,/home/fzy/models/Qwen3.6-27B-NVFP4,998,1713,-744.5,1,0,0.0,,,100,0,0,0,0,,,,0,0.03886621870292009,0.14494491269690837,2.2871996520996714,2.2872826184729442,"{""init"": 30, ""crossover"": 647, ""mutation"": 320}"
fair1000_20260730_1755_obp_reevo_rep3,online_bin_packing,reevo,/home/fzy/models/Qwen3.6-27B-NVFP4,994,1713,-728.75,973,4,0.04,3.0,98.0,100,0,0,0,0,,,,0,0.10915495676533483,0.1390750558684635,2.280024167634646,2.2797990986587124,"{""init"": 25, ""crossover"": 648, ""mutation"": 320}"
fair1000_20260730_1755_op_reevo_rep1,op_aco,reevo,/home/fzy/models/Qwen3.6-27B-NVFP4,999,1713,14.416,926,10,0.09,1.0,93.0,100,0,0,0,0,,,,0,0.026818661845179642,0.18492428609330097,2.2624987721015355,2.2618245066067884,"{""init"": 29, ""crossover"": 649, ""mutation"": 320}"
fair1000_20260730_1755_op_reevo_rep2,op_aco,reevo,Qwen3.6-27B,1000,1713,14.844,973,15,0.12,1.0,98.0,100,0,0,0,0,,,,0,0.012457439675985626,0.19367987640686976,2.259360431603819,2.2588969614457777,"{""init"": 30, ""crossover"": 649, ""mutation"": 320}"
fair1000_20260730_1755_op_reevo_rep3_retry4,op_aco,reevo,/home/fzy/models/Qwen3.6-27B-NVFP4,998,1713,14.118,965,9,0.09,1.0,97.0,100,0,0,0,0,,,,0,0.023344394662034248,0.17695084986031467,2.281715087101864,2.2815068745515132,"{""init"": 29, ""crossover"": 649, ""mutation"": 319}"
fair1000_20260730_1755_tsp_reevo_rep1,tsp_construct,reevo,Qwen3.6-27B,1000,1713,-6.816544232862434,293,2,0.02,3.0,30.0,100,0,0,0,0,,,,0,0.0333162746654994,0.3580649480350369,2.252723971330129,2.2513303361355983,"{""init"": 30, ""crossover"": 649, ""mutation"": 320}"
fair1000_20260730_1755_tsp_reevo_rep2,tsp_construct,reevo,/home/fzy/models/Qwen3.6-27B-NVFP4,1000,1713,-6.1629683089922525,830,19,0.18,1.0,83.0,100,0,0,0,0,,,,0,0.05835133181755742,0.3132227939431231,1.7346569369508267,1.7340483514878864,"{""init"": 30, ""crossover"": 649, ""mutation"": 320}"
fair1000_20260730_1755_tsp_reevo_rep3,tsp_construct,reevo,/home/fzy/models/Qwen3.6-27B-NVFP4,1000,1713,-6.202533364472101,914,14,0.11,1.0,92.0,100,0,0,0,0,,,,0,0.08923251534630378,0.35537731360247765,1.960501335027044,1.9591625556243013,"{""init"": 30, ""crossover"": 649, ""mutation"": 320}"
fair1000_20260730_1755_cvrp_shinka_rep1,cvrp_aco,shinka_evo,Qwen3.6-27B,1000,1806,-11.03289750218008,717,10,0.08333333333333333,1.0,72.0,84,0,0,0,0,0.484472049689441,-0.013839692133996911,0.21437267753929304,805,0.023537931279153542,0.09486389196159627,2.2399664766887706,2.239885037703039,"{""seed"": 1, ""full"": 538, ""cross"": 109, ""diff"": 172}"
fair1000_20260730_1755_cvrp_shinka_rep2_retry2,cvrp_aco,shinka_evo,qwen3.6-27b-awq,1000,1536,-10.865709951992338,565,22,0.22666666666666666,1.0,57.0,75,0,0,0,0,0.5047489823609227,0.18862235621285514,0.07635948342788115,737,0.010489702252758533,0.07690464280265616,2.2366837887913813,2.2363931050478074,"{""seed"": 1, ""full"": 423, ""cross"": 96, ""diff"": 220}"
fair1000_20260730_1755_cvrp_shinka_rep3_retry2,cvrp_aco,shinka_evo,qwen3.6-27b-awq,1000,1431,-9.989882393598942,647,35,0.3283582089552239,6.0,65.0,67,0,0,0,0,0.49847560975609756,0.15137310377706542,0.11029842048648446,656,0.015568464098050976,0.07988298756358644,2.265581857695845,2.261868270553198,"{""seed"": 1, ""full"": 365, ""cross"": 92, ""diff"": 203}"
fair1000_20260730_1755_obp_shinka_rep1_retry2,online_bin_packing,shinka_evo,qwen3.6-27b-awq,1000,2054,-744.5,1,0,0.0,,,100,0,0,0,0,0.016511867905056758,0.02786377708978328,0.16640053679464892,969,0.025635522234757784,0.06583870718218657,2.2823209891801,2.2821169457172723,"{""seed"": 1, ""full"": 750, ""diff"": 49, ""cross"": 200}"
fair1000_20260730_1755_obp_shinka_rep2_retry2,online_bin_packing,shinka_evo,qwen3.6-27b-awq,1000,1987,-744.5,1,0,0.0,,,100,0,0,0,0,0.028511087645195353,-2.319957761351637,0.20190622471993233,947,0.02365741671466081,0.06847450554388976,2.2811760988223755,2.2812329533558917,"{""seed"": 1, ""full"": 763, ""diff"": 54, ""cross"": 176}"
fair1000_20260730_1755_obp_shinka_rep3_retry2,online_bin_packing,shinka_evo,Qwen3.6-27B,1000,2171,-744.5,1,0,0.0,,,100,0,0,0,0,0.027979274611398965,-9.824870466321244,0.2448497092261447,965,0.03722642966753615,0.06945717996150459,2.2866723806768903,2.2865495991642697,"{""seed"": 1, ""full"": 782, ""cross"": 203, ""diff"": 11}"
fair1000_20260730_1755_op_shinka_rep1_retry2,op_aco,shinka_evo,/home/fzy/models/Qwen3.6-27B-NVFP4,1000,2007,12.734,1,0,0.0,,,100,0,0,0,0,0.1786833855799373,0.09479205851619646,0.12798197947329598,957,0.005536088624324021,0.07155791953030435,2.2748340030744614,2.2747194900485117,"{""seed"": 1, ""full"": 719, ""cross"": 199, ""diff"": 67}"
fair1000_20260730_1755_op_shinka_rep2_retry2,op_aco,shinka_evo,qwen3.6-27b-awq,1000,1931,14.754,372,13,0.15789473684210525,1.0,38.0,57,0,0,0,0,0.4232142857142857,0.05480714285714282,0.13968644703306524,560,0.016117202694714783,0.057795217082891724,2.272967436587692,2.272261820690805,"{""seed"": 1, ""full"": 409, ""diff"": 72, ""cross"": 81}"
fair1000_20260730_1755_op_shinka_rep3_retry2,op_aco,shinka_evo,Qwen3.6-27B,1000,1923,14.544,929,10,0.1,1.0,93.0,100,0,0,0,0,0.3024193548387097,0.0400040322580644,0.11705901459574605,992,0.013545342823379323,0.060236514172682026,2.276483823645997,2.276106433173223,"{""seed"": 1, ""full"": 684, ""diff"": 162, ""cross"": 151}"
fair1000_20260730_1755_tsp_shinka_rep1_retry2,tsp_construct,shinka_evo,/home/fzy/models/Qwen3.6-27B-NVFP4,1000,1588,-6.167047528031857,963,10,0.1,10.0,97.0,100,0,0,0,0,0.416135881104034,-0.047758846620142265,0.3769863505610537,942,0.05801652943534154,0.14189333802385412,2.2323150366100855,2.2305185245986574,"{""seed"": 1, ""full"": 619, ""cross"": 116, ""diff"": 224}"
fair1000_20260730_1755_tsp_shinka_rep2,tsp_construct,shinka_evo,/home/fzy/models/Qwen3.6-27B-NVFP4,998,1530,-6.71085613825252,927,7,0.07,10.0,93.0,100,0,0,0,0,0.30444697833523376,-0.10132170809945973,0.2568555019842138,877,0.05557687070618673,0.0985580780924864,2.214377036585183,2.2128694124393786,"{""seed"": 1, ""full"": 592, ""cross"": 121, ""diff"": 234}"
fair1000_20260730_1755_tsp_shinka_rep3_retry2,tsp_construct,shinka_evo,qwen3.6-27b-awq,999,1942,-6.731041192540523,982,4,0.04,93.0,99.0,100,0,0,0,0,0.2704135737009544,-0.44923306285601916,0.3147272796168808,943,0.07563587379895173,0.10964349935055913,2.2554831173660492,2.2552556177057395,"{""seed"": 1, ""full"": 768, ""cross"": 113, ""diff"": 97}"
fair1000_20260730_1755_cvrp_pw_rep1,cvrp_aco,pathwise,/home/fzy/models/Qwen3.6-27B-NVFP4,1000,1978,-9.128676305631776,619,19,0.13,1.0,62.0,100,0,0,0,0,0.3,0.005772263659776105,0.053965417520797816,100,0.014905238686136435,0.1967240432532612,2.254971566910559,2.254860625297885,"{""init"": 29, ""world_model"": 962, ""fallback"": 3}"
fair1000_20260730_1755_cvrp_pw_rep2,cvrp_aco,pathwise,/home/fzy/models/Qwen3.6-27B-NVFP4,1000,1946,-9.089339939961711,763,12,0.12,4.0,77.0,100,0,0,0,0,0.3125,-0.009817890021795672,0.052885055219409526,96,0.015296473767503342,0.1945899616362538,2.259882308713252,2.2593834437806426,"{""init"": 28, ""world_model"": 961, ""fallback"": 2}"
fair1000_20260730_1755_cvrp_pw_rep3,cvrp_aco,pathwise,qwen3.6-27b-awq,1000,1966,-8.87381534040274,832,38,0.31,1.0,84.0,100,0,0,0,0,0.46511627906976744,-0.10192374345631877,0.08265507257798493,86,0.023735230613238102,0.15522376233412763,2.253998588046804,2.2538022947940335,"{""init"": 30, ""world_model"": 950, ""fallback"": 6}"
fair1000_20260730_1755_obp_pw_rep1,online_bin_packing,pathwise,/home/fzy/models/Qwen3.6-27B-NVFP4,1000,1921,-731.0,968,11,0.1,15.0,97.0,100,0,0,0,0,0.37362637362637363,-0.5412087912087912,0.07979374956424719,91,0.018423768482311354,0.12324503579583684,2.262669245278381,2.2625876932224367,"{""init"": 29, ""world_model"": 962, ""fallback"": 7}"
fair1000_20260730_1755_obp_pw_rep2,online_bin_packing,pathwise,qwen3.6-27b-awq,1000,1735,-731.0,733,7,0.06,1.0,74.0,100,0,0,0,0,0.25,33.620535714285715,0.08746243963782067,56,0.015271933456741047,0.10348817501051233,2.2584751487213426,2.258453858835713,"{""init"": 30, ""world_model"": 968}"
fair1000_20260730_1755_obp_pw_rep3,online_bin_packing,pathwise,qwen3.6-27b-awq,1000,1845,-744.5,1,0,0.0,,,100,0,0,0,0,0.3283582089552239,0.13432835820895522,0.04217495466190748,67,0.008913011908416544,0.09771844582408716,2.2658725121179035,2.2654279962629063,"{""init"": 30, ""world_model"": 965, ""fallback"": 5}"
fair1000_20260730_1755_op_pw_rep1,op_aco,pathwise,/home/fzy/models/Qwen3.6-27B-NVFP4,1000,1842,14.734,593,10,0.06,4.0,60.0,100,0,0,0,0,0.14864864864864866,-0.15141891891891882,0.061686172189209465,148,0.023017856538180448,0.1407276953331048,2.2626835123962676,2.2616314708829415,"{""init"": 27, ""world_model"": 964, ""fallback"": 2}"
fair1000_20260730_1755_op_pw_rep2,op_aco,pathwise,qwen3.6-27b-awq,1000,1689,14.738,992,13,0.1,1.0,100.0,100,0,0,0,0,0.5,0.03199999999999979,0.05556013219662859,30,0.009102229502845467,0.14915779681987743,2.26011100998485,2.2590552764450105,"{""init"": 26, ""world_model"": 968}"
fair1000_20260730_1755_op_pw_rep3,op_aco,pathwise,qwen3.6-27b-awq,1000,1824,14.889999999999997,316,12,0.1,2.0,32.0,100,0,0,0,0,0.4318181818181818,-0.029818181818181886,0.0602962873482413,44,0.013491229507806327,0.15899328542379834,2.2589419431977196,2.257482976436576,"{""init"": 29, ""world_model"": 966, ""fallback"": 3}"
fair1000_20260730_1755_tsp_pw_rep1,tsp_construct,pathwise,/home/fzy/models/Qwen3.6-27B-NVFP4,1000,1926,-6.186496328505622,511,6,0.04,1.0,52.0,100,0,0,0,0,0.1935483870967742,-0.035488872608201154,0.10754751728201035,93,0.027268675468302948,0.25996011426033355,2.250186206068915,2.249874562140582,"{""init"": 24, ""world_model"": 960, ""fallback"": 3}"
fair1000_20260730_1755_tsp_pw_rep2,tsp_construct,pathwise,/home/fzy/models/Qwen3.6-27B-NVFP4,1000,1864,-6.207457578682204,991,22,0.16,1.0,100.0,100,0,0,0,0,0.29,-0.06488691582785423,0.10408395357023977,100,0.030959374659635306,0.2672672352209598,2.2627579771617663,2.2622371125359755,"{""init"": 27, ""world_model"": 965}"
fair1000_20260730_1755_tsp_pw_rep3,tsp_construct,pathwise,qwen3.6-27b-awq,1000,1774,-6.454378453571442,28,2,0.02,2.0,3.0,100,0,0,0,0,0.40963855421686746,-0.02213864255892577,0.20503583607015674,83,0.03812066595949993,0.23324620618750397,2.259813932349333,2.2595625347342305,"{""init"": 28, ""world_model"": 952, ""fallback"": 10}"
